{"cameraMode":{"drawMode":0,"name":"Shaded","section":"Shading Mode"},"sceneLighting":true,"audioPlay":false,"sceneViewState":{"m_AlwaysRefresh":false,"showFog":true,"showSkybox":true,"showFlares":true,"showImageEffects":true,"showParticleSystems":true,"showVisualEffectGraphs":true,"m_FxEnabled":true},"in2DMode":false,"pivot":{"x":-1.0784605741500855,"y":-0.2060731053352356,"z":3.2100164890289308},"rotation":{"x":-0.14098921418190003,"y":0.13527634739875794,"z":-0.019450673833489419,"w":-0.9805307388305664},"size":3.3119280338287355,"orthographic":false}